FIRSTNAME/LASTNAME/SURNAME,YOUR AGE,MM/DD/YYYY,MM/DD/YYYY,09*********,carlomanuel@gmail.com,FIRSTNAME/LASTNAME/SURNAME,09*********,carlomanuel@gmail.com,MOTHER/FATHER etc,,yes,,,,,yes
FIRSTNAME/LASTNAME/SURNAME,YOUR AGE,MM/DD/YYYY,MM/DD/YYYY,09*********,carlomanuel@gmail.com,FIRSTNAME/LASTNAME/SURNAME,09*********,carlomanuel@gmail.com,MOTHER/FATHER etc,,,,,,,
FIRSTNAME/LASTNAME/SURNAME,YOUR AGE,MM/DD/YYYY,MM/DD/YYYY,09*********,carlomanuel@gmail.com,FIRSTNAME/LASTNAME/SURNAME,09*********,carlomanuel@gmail.com,MOTHER/FATHER etc,,yes,yes,,,,
FIRSTNAME/LASTNAME/SURNAME,YOUR AGE,MM/DD/YYYY,MM/DD/YYYY,09*********,carlomanuel@gmail.com,FIRSTNAME/LASTNAME/SURNAME,09*********,carlomanuel@gmail.com,MOTHER/FATHER etc,yes,,yes,,yes,,
FIRSTNAME/LASTNAME/SURNAME,YOUR AGE,MM/DD/YYYY,MM/DD/YYYY,09*********,carlomanuel@gmail.com,FIRSTNAME/LASTNAME/SURNAME,09*********,carlomanuel@gmail.com,MOTHER/FATHER etc,,,,,,,
FIRSTNAME/LASTNAME/SURNAME,YOUR AGE,MM/DD/YYYY,MM/DD/YYYY,09*********,carlomanuel@gmail.com,FIRSTNAME/LASTNAME/SURNAME,09*********,carlomanuel@gmail.com,MOTHER/FATHER etc,,,,,,,
FIRSTNAME/LASTNAME/SURNAME,YOUR AGE,MM/DD/YYYY,MM/DD/YYYY,09*********,carlomanuel@gmail.com,FIRSTNAME/LASTNAME/SURNAME,09*********,carlomanuel@gmail.com,MOTHER/FATHER etc,,,,,,,
FIRSTNAME/LASTNAME/SURNAME,YOUR AGE,MM/DD/YYYY,MM/DD/YYYY,09*********,carlomanuel@gmail.com,FIRSTNAME/LASTNAME/SURNAME,09*********,carlomanuel@gmail.com,MOTHER/FATHER etc,,,,,,,
FIRSTNAME/LASTNAME/SURNAME,YOUR AGE,MM/DD/YYYY,MM/DD/YYYY,09*********,carlomanuel@gmail.com,FIRSTNAME/LASTNAME/SURNAME,09*********,carlomanuel@gmail.com,MOTHER/FATHER etc,,,,,,,
FIRSTNAME/LASTNAME/SURNAME,YOUR AGE,MM/DD/YYYY,MM/DD/YYYY,09*********,carlomanuel@gmail.com,FIRSTNAME/LASTNAME/SURNAME,09*********,carlomanuel@gmail.com,MOTHER/FATHER etc,,,,,,,
FIRSTNAME/LASTNAME/SURNAME,YOUR AGE,MM/DD/YYYY,MM/DD/YYYY,09*********,carlomanuel@gmail.com,FIRSTNAME/LASTNAME/SURNAME,09*********,carlomanuel@gmail.com,MOTHER/FATHER etc,,,,,,,
FIRSTNAME/LASTNAME/SURNAME,YOUR AGE,MM/DD/YYYY,MM/DD/YYYY,09*********,carlomanuel@gmail.com,FIRSTNAME/LASTNAME/SURNAME,09*********,carlomanuel@gmail.com,MOTHER/FATHER etc,yes,yes,yes,,yes,yes,yes
FIRSTNAME/LASTNAME/SURNAME,YOUR AGE,MM/DD/YYYY,MM/DD/YYYY,09*********,carlomanuel@gmail.com,FIRSTNAME/LASTNAME/SURNAME,09*********,carlomanuel@gmail.com,MOTHER/FATHER etc,yes,no,yes,,no,yes,no
FIRSTNAME/LASTNAME/SURNAME,YOUR AGE,MM/DD/YYYY,MM/DD/YYYY,09*********,carlomanuel@gmail.com,FIRSTNAME/LASTNAME/SURNAME,09*********,carlomanuel@gmail.com,MOTHER/FATHER etc,,,,,,,yes
FIRSTNAME/LASTNAME/SURNAME,YOUR AGE,MM/DD/YYYY,MM/DD/YYYY,09*********,carlomanuel@gmail.com,FIRSTNAME/LASTNAME/SURNAME,09*********,carlomanuel@gmail.com,MOTHER/FATHER etc,yes,yes,,,,,
FIRSTNAME/LASTNAME/SURNAME,YOUR AGE,MM/DD/YYYY,MM/DD/YYYY,09*********,carlomanuel@gmail.com,FIRSTNAME/LASTNAME/SURNAME,09*********,carlomanuel@gmail.com,MOTHER/FATHER etc,yes,,,,yes,,
FIRSTNAME/LASTNAME/SURNAME,YOUR AGE,MM/DD/YYYY,MM/DD/YYYY,09*********,carlomanuel@gmail.com,FIRSTNAME/LASTNAME/SURNAME,09*********,carlomanuel@gmail.com,MOTHER/FATHER etc,yes,yes,no,,no,no,no
FIRSTNAME/LASTNAME/SURNAME,YOUR AGE,MM/DD/YYYY,MM/DD/YYYY,09*********,carlomanuel@gmail.com,FIRSTNAME/LASTNAME/SURNAME,09*********,carlomanuel@gmail.com,MOTHER/FATHER etc,yes,yes,no,,no,no,no
FIRSTNAME/LASTNAME/SURNAME,YOUR AGE,MM/DD/YYYY,MM/DD/YYYY,09*********,carlomanuel@gmail.com,FIRSTNAME/LASTNAME/SURNAME,09*********,carlomanuel@gmail.com,MOTHER/FATHER etc,yes,yes,yes,,no,no,no
FIRSTNAME/LASTNAME/SURNAME,YOUR AGE,MM/DD/YYYY,MM/DD/YYYY,09*********,carlomanuel@gmail.com,FIRSTNAME/LASTNAME/SURNAME,09*********,carlomanuel@gmail.com,MOTHER/FATHER etc,yes,yes,yes,,yes,yes,yes
FIRSTNAME/LASTNAME/SURNAME,YOUR AGE,MM/DD/YYYY,MM/DD/YYYY,09*********,carlomanuel@gmail.com,FIRSTNAME/LASTNAME/SURNAME,09*********,carlomanuel@gmail.com,MOTHER/FATHER etc,yes,yes,,,,yes,
FIRSTNAME/LASTNAME/SURNAME,YOUR AGE,MM/DD/YYYY,MM/DD/YYYY,09*********,carlomanuel@gmail.com,FIRSTNAME/LASTNAME/SURNAME,09*********,carlomanuel@gmail.com,MOTHER/FATHER etc,yes,yes,,,,yes,
FIRSTNAME/LASTNAME/SURNAME,YOUR AGE,MM/DD/YYYY,MM/DD/YYYY,09*********,carlomanuel@gmail.com,FIRSTNAME/LASTNAME/SURNAME,09*********,carlomanuel@gmail.com,MOTHER/FATHER etc,yes,yes,yes,,yes,yes,
FIRSTNAME/LASTNAME/SURNAME,YOUR AGE,MM/DD/YYYY,MM/DD/YYYY,09*********,carlomanuel@gmail.com,FIRSTNAME/LASTNAME/SURNAME,09*********,carlomanuel@gmail.com,MOTHER/FATHER etc,no,,no,,no,no,yes
